Movie_ID,Title,Genre,Director,Year,Rating,Budget_USD,Revenue_USD,Runtime_Min
1,Movie 1,Romance,Rajamouli,2007,5.3,76000000,69120606,174
2,Movie 2,Fantasy,Villenueve,2017,4.2,52000000,64433792,107
3,Movie 3,Crime,Rajamouli,2025,5.1,284000000,377059519,133
4,Movie 4,Crime,Christopher Nolan,1990,8.2,86000000,220240385,169
5,Movie 5,Action,James Cameron,2003,9.3,177000000,260620854,93
6,Movie 6,Romance,Sanjay Leela Bhansali,2012,7.3,27000000,69276992,173
7,Movie 7,Romance,Farhan Akhtar,2014,4.4,155000000,429943841,186
8,Movie 8,Comedy,Anurag Kashyap,2002,7.9,28000000,49728376,164
9,Movie 9,Action,Villenueve,2004,8.8,199000000,550823870,115
10,Movie 10,Comedy,James Cameron,2013,6.0,141000000,589984528,169
11,Movie 11,Romance,Anurag Kashyap,2000,6.9,130000000,327156544,100
12,Movie 12,Action,Farhan Akhtar,2025,5.2,171000000,585605162,187
13,Movie 13,Sci-Fi,Zoya Akhtar,1992,8.4,210000000,259668506,114
14,Movie 14,Crime,Farhan Akhtar,2010,5.2,260000000,1005366956,130
15,Movie 15,Horror,James Cameron,2006,4.8,292000000,421478088,148
16,Movie 16,Crime,Greta Gerwig,2015,6.0,75000000,187527012,145
17,Movie 17,Sci-Fi,Ayan Mukerji,1997,4.8,86000000,260651260,181
18,Movie 18,Crime,Villenueve,2014,6.1,244000000,389271172,147
19,Movie 19,Fantasy,Ayan Mukerji,1990,7.7,63000000,267258354,167
20,Movie 20,Action,S.S. Rajamouli,2011,4.6,227000000,485587069,100
21,Movie 21,Action,Rian Johnson,2001,6.8,59000000,110866322,160
22,Movie 22,Fantasy,Anurag Kashyap,2002,4.8,87000000,353942016,149
23,Movie 23,Fantasy,Farhan Akhtar,1990,7.3,255000000,317499825,82
24,Movie 24,Comedy,Farhan Akhtar,2009,5.3,128000000,527156210,152
25,Movie 25,Romance,Bong Joon Ho,2021,8.5,277000000,409375514,178
26,Movie 26,Horror,Rian Johnson,2000,5.5,221000000,901651551,107
27,Movie 27,Animation,Bong Joon Ho,2009,6.2,196000000,798412570,136
28,Movie 28,Horror,Villenueve,2005,5.2,178000000,487822017,82
29,Movie 29,Animation,Anurag Kashyap,2004,4.0,35000000,20339243,109
30,Movie 30,Sci-Fi,Ayan Mukerji,2011,4.4,126000000,368816560,115
31,Movie 31,Animation,Rian Johnson,1998,8.0,297000000,808181520,153
32,Movie 32,Horror,S.S. Rajamouli,2016,5.0,54000000,114101702,164
33,Movie 33,Thriller,Greta Gerwig,2019,8.8,32000000,112900187,166
34,Movie 34,Romance,Rajamouli,2015,8.0,60000000,99182536,111
35,Movie 35,Fantasy,Denis Villeneuve,1998,6.3,147000000,238031881,139
36,Movie 36,Romance,Denis Villeneuve,2025,4.5,281000000,128158439,187
37,Movie 37,Romance,Farhan Akhtar,2005,4.9,253000000,321876653,141
38,Movie 38,Thriller,Farhan Akhtar,1993,4.9,6000000,8806629,129
39,Movie 39,Horror,Christopher Nolan,2017,7.8,289000000,1047610967,164
40,Movie 40,Drama,Zoya Akhtar,2008,5.2,34000000,112227243,154
41,Movie 41,Sci-Fi,Bong Joon Ho,2010,4.3,249000000,962054103,144
42,Movie 42,Fantasy,James Cameron,1993,9.3,46000000,84002203,188
43,Movie 43,Crime,Villenueve,2005,6.2,296000000,845048155,111
44,Movie 44,Sci-Fi,Anurag Kashyap,1995,6.3,294000000,550428391,146
45,Movie 45,Action,Zoya Akhtar,2010,5.3,207000000,635991529,96
46,Movie 46,Action,Denis Villeneuve,2010,9.1,42000000,118922369,81
47,Movie 47,Crime,Villenueve,1994,7.0,264000000,337480431,113
48,Movie 48,Comedy,Farhan Akhtar,1994,8.8,194000000,319020964,116
49,Movie 49,Fantasy,Bong Joon Ho,2009,7.4,275000000,927542047,81
50,Movie 50,Fantasy,Christopher Nolan,1996,9.2,73000000,112684913,113
51,Movie 51,Romance,Bong Joon Ho,2025,4.9,149000000,187798510,157
52,Movie 52,Comedy,Zoya Akhtar,2006,6.8,133000000,124758760,188
53,Movie 53,Thriller,Ayan Mukerji,2007,4.2,175000000,149120074,178
54,Movie 54,Action,James Cameron,2018,7.0,223000000,181019103,151
55,Movie 55,Romance,Farhan Akhtar,1999,7.0,194000000,557671501,154
56,Movie 56,Thriller,James Cameron,1992,5.7,25000000,34457271,125
57,Movie 57,Animation,Steven Spielberg,1996,5.9,291000000,1254378979,132
58,Movie 58,Drama,Farhan Akhtar,2005,8.8,95000000,108222876,132
59,Movie 59,Comedy,S.S. Rajamouli,2016,8.4,132000000,209873638,114
60,Movie 60,Romance,Greta Gerwig,1992,8.7,118000000,487697433,105
61,Movie 61,Horror,Sanjay Leela Bhansali,2009,8.5,121000000,131880907,108
62,Movie 62,Animation,Greta Gerwig,2011,5.5,40000000,64426998,178
63,Movie 63,Fantasy,Greta Gerwig,2024,5.8,19000000,74627173,94
64,Movie 64,Action,James Cameron,2006,4.2,227000000,709027969,124
65,Movie 65,Comedy,Greta Gerwig,2022,4.6,300000000,414883656,104
66,Movie 66,Thriller,Rajamouli,2023,9.1,280000000,1070673519,167
67,Movie 67,Animation,Sanjay Leela Bhansali,2017,4.4,174000000,274551024,159
68,Movie 68,Romance,Bong Joon Ho,2009,6.8,214000000,486661994,121
69,Movie 69,Action,Rian Johnson,1998,5.1,199000000,663249354,166
70,Movie 70,Drama,Anurag Kashyap,2009,6.2,5000000,8726360,118
71,Movie 71,Thriller,S.S. Rajamouli,2010,6.6,231000000,352752089,166
72,Movie 72,Horror,S.S. Rajamouli,2000,7.6,150000000,508146686,145
73,Movie 73,Crime,Sanjay Leela Bhansali,1995,8.5,125000000,272449245,166
74,Movie 74,Animation,James Cameron,1991,4.3,248000000,892552803,158
75,Movie 75,Romance,Denis Villeneuve,2016,8.9,299000000,1133124629,104
76,Movie 76,Thriller,Denis Villeneuve,2015,5.3,7000000,26527719,176
77,Movie 77,Romance,S.S. Rajamouli,2017,5.2,270000000,187874063,139
78,Movie 78,Animation,Farhan Akhtar,1997,6.5,242000000,657828882,165
79,Movie 79,Fantasy,Anurag Kashyap,2010,9.2,231000000,970667712,158
80,Movie 80,Fantasy,Greta Gerwig,2025,6.5,86000000,341736536,175
81,Movie 81,Horror,Christopher Nolan,2005,8.6,146000000,579643998,178
82,Movie 82,Horror,Steven Spielberg,2005,5.5,44000000,71973746,171
83,Movie 83,Action,Sanjay Leela Bhansali,2010,8.9,46000000,75125199,97
84,Movie 84,Thriller,Bong Joon Ho,1999,7.9,37000000,90978471,133
85,Movie 85,Fantasy,Denis Villeneuve,2016,4.3,220000000,837844967,129
86,Movie 86,Crime,Bong Joon Ho,1991,8.7,299000000,849914372,128
87,Movie 87,Comedy,Christopher Nolan,2014,8.7,219000000,847652539,148
88,Movie 88,Fantasy,S.S. Rajamouli,2004,6.7,144000000,370863299,135
89,Movie 89,Thriller,Sanjay Leela Bhansali,2015,8.0,244000000,1135025417,96
90,Movie 90,Fantasy,Rajamouli,2015,7.3,18000000,58724075,90
91,Movie 91,Drama,Ayan Mukerji,2019,5.0,138000000,237213738,128
92,Movie 92,Horror,Sanjay Leela Bhansali,2011,8.2,199000000,758714828,115
93,Movie 93,Thriller,Christopher Nolan,1995,6.6,281000000,1268616579,86
94,Movie 94,Comedy,Zoya Akhtar,1994,8.3,25000000,27197849,176
95,Movie 95,Animation,Zoya Akhtar,1991,7.4,127000000,334585568,96
96,Movie 96,Romance,Anurag Kashyap,2003,6.6,136000000,287885026,178
97,Movie 97,Crime,Anurag Kashyap,1997,8.3,88000000,121508221,119
98,Movie 98,Sci-Fi,Farhan Akhtar,2009,7.2,197000000,863369890,130
99,Movie 99,Animation,Villenueve,2005,4.6,159000000,479414311,188
100,Movie 100,Romance,S.S. Rajamouli,1992,5.9,224000000,452069929,164
101,Movie 101,Fantasy,Steven Spielberg,2011,4.1,220000000,484608625,185
102,Movie 102,Thriller,Sanjay Leela Bhansali,2019,7.9,227000000,839541829,102
103,Movie 103,Action,Anurag Kashyap,2024,8.3,243000000,998193328,135
104,Movie 104,Crime,Christopher Nolan,2010,8.7,49000000,214629726,115
105,Movie 105,Animation,S.S. Rajamouli,2019,7.1,199000000,178912938,123
106,Movie 106,Comedy,James Cameron,2021,5.2,137000000,214775208,123
107,Movie 107,Crime,Bong Joon Ho,2007,7.1,269000000,300023569,104
108,Movie 108,Thriller,Denis Villeneuve,2025,8.2,248000000,907680283,162
109,Movie 109,Horror,S.S. Rajamouli,1991,4.5,118000000,357397360,131
110,Movie 110,Action,Steven Spielberg,2013,6.6,276000000,643608398,124
111,Movie 111,Fantasy,Sanjay Leela Bhansali,2012,7.9,143000000,266742757,119
112,Movie 112,Romance,Bong Joon Ho,2002,5.7,279000000,893531400,177
113,Movie 113,Animation,Zoya Akhtar,2020,5.5,273000000,443732854,156
114,Movie 114,Romance,Ayan Mukerji,2002,5.6,189000000,323873582,102
115,Movie 115,Fantasy,James Cameron,2007,4.3,32000000,47363815,150
116,Movie 116,Drama,Steven Spielberg,2021,4.6,11000000,16450383,153
117,Movie 117,Horror,Denis Villeneuve,2011,5.0,31000000,125582291,112
118,Movie 118,Horror,Villenueve,1994,6.2,42000000,127969534,153
119,Movie 119,Sci-Fi,James Cameron,1999,8.5,160000000,764302218,90
120,Movie 120,Romance,Rian Johnson,2016,7.3,120000000,336693076,179
121,Movie 121,Horror,Farhan Akhtar,2018,5.6,224000000,610577405,119
122,Movie 122,Sci-Fi,Anurag Kashyap,1996,9.2,111000000,211665427,160
123,Movie 123,Romance,James Cameron,2005,5.0,43000000,20862213,100
124,Movie 124,Horror,Bong Joon Ho,2020,5.6,123000000,399926154,116
125,Movie 125,Horror,Villenueve,2004,9.1,106000000,161771894,134
126,Movie 126,Animation,Steven Spielberg,1999,9.0,77000000,100225090,89
127,Movie 127,Action,Anurag Kashyap,2008,6.4,244000000,449093351,168
128,Movie 128,Thriller,Christopher Nolan,2022,7.0,229000000,697886503,90
129,Movie 129,Thriller,Bong Joon Ho,2010,7.3,18000000,30418430,91
130,Movie 130,Crime,Anurag Kashyap,1991,9.5,142000000,185009010,153
131,Movie 131,Drama,Denis Villeneuve,2023,7.6,147000000,684048742,103
132,Movie 132,Thriller,Steven Spielberg,2021,9.3,245000000,654572074,124
133,Movie 133,Comedy,Steven Spielberg,1996,8.7,173000000,634211073,132
134,Movie 134,Action,Steven Spielberg,2015,8.5,286000000,780304797,84
135,Movie 135,Comedy,Christopher Nolan,2010,4.6,211000000,500168275,190
136,Movie 136,Sci-Fi,Steven Spielberg,2024,6.5,32000000,85442230,104
137,Movie 137,Crime,S.S. Rajamouli,2021,7.4,31000000,57344224,106
138,Movie 138,Drama,Farhan Akhtar,2008,6.4,253000000,201060081,95
139,Movie 139,Crime,S.S. Rajamouli,2005,7.9,164000000,157761926,150
140,Movie 140,Thriller,Villenueve,2004,9.5,63000000,299176341,139
141,Movie 141,Drama,Denis Villeneuve,2008,6.8,144000000,564040943,133
142,Movie 142,Horror,Zoya Akhtar,2019,7.0,201000000,859897892,104
143,Movie 143,Fantasy,Bong Joon Ho,1998,8.8,146000000,590865429,178
144,Movie 144,Thriller,Sanjay Leela Bhansali,2022,5.5,6000000,19853962,116
145,Movie 145,Crime,Anurag Kashyap,2021,8.8,233000000,672320862,148
146,Movie 146,Comedy,Rian Johnson,2024,6.1,169000000,738013468,104
147,Movie 147,Animation,Anurag Kashyap,2014,5.3,215000000,371750059,85
148,Movie 148,Horror,Bong Joon Ho,2014,6.1,82000000,353119294,143
149,Movie 149,Drama,Rian Johnson,2011,8.8,230000000,700031249,92
150,Movie 150,Horror,Rajamouli,1999,6.3,84000000,206141399,89
151,Movie 151,Action,Sanjay Leela Bhansali,2015,7.6,173000000,592967617,189
152,Movie 152,Fantasy,Greta Gerwig,2010,7.4,254000000,246739811,149
153,Movie 153,Romance,Zoya Akhtar,2008,9.5,51000000,248251851,135
154,Movie 154,Romance,Denis Villeneuve,2000,7.8,19000000,40424850,85
155,Movie 155,Sci-Fi,Christopher Nolan,2012,6.1,79000000,210016128,111
156,Movie 156,Crime,Steven Spielberg,2001,4.9,45000000,169613571,158
157,Movie 157,Crime,Steven Spielberg,2005,6.7,78000000,193624834,109
158,Movie 158,Action,Denis Villeneuve,2006,7.7,243000000,839545891,116
159,Movie 159,Drama,Villenueve,2018,9.2,158000000,752192255,161
160,Movie 160,Action,Denis Villeneuve,2009,5.1,201000000,467564317,189
161,Movie 161,Animation,Greta Gerwig,2012,7.2,156000000,705305490,82
162,Movie 162,Thriller,Christopher Nolan,1990,7.1,30000000,108649625,157
163,Movie 163,Action,S.S. Rajamouli,2004,7.3,185000000,599242368,108
164,Movie 164,Crime,Christopher Nolan,1998,7.5,25000000,96167995,119
165,Movie 165,Sci-Fi,Anurag Kashyap,2013,8.0,51000000,110493166,117
166,Movie 166,Thriller,James Cameron,2002,4.7,281000000,687674164,126
167,Movie 167,Action,Ayan Mukerji,2000,5.4,251000000,415790914,183
168,Movie 168,Comedy,S.S. Rajamouli,1997,6.6,43000000,153973353,98
169,Movie 169,Animation,Ayan Mukerji,2015,9.3,290000000,424313768,126
170,Movie 170,Thriller,Rajamouli,2006,7.0,237000000,789624240,127
171,Movie 171,Action,Anurag Kashyap,2014,8.5,195000000,695053887,93
172,Movie 172,Horror,Rajamouli,2025,5.8,118000000,98556521,162
173,Movie 173,Horror,Farhan Akhtar,2009,7.6,64000000,66388344,97
174,Movie 174,Sci-Fi,Christopher Nolan,2021,4.6,125000000,116315423,148
175,Movie 175,Horror,Sanjay Leela Bhansali,2024,6.3,84000000,265331069,133
176,Movie 176,Horror,Anurag Kashyap,2016,9.2,148000000,551753845,84
177,Movie 177,Animation,Denis Villeneuve,2018,9.2,190000000,918179812,92
178,Movie 178,Comedy,Rian Johnson,2012,4.3,146000000,591181174,104
179,Movie 179,Horror,Villenueve,2003,7.5,15000000,57597291,86
180,Movie 180,Animation,James Cameron,2003,4.4,288000000,752617646,106
181,Movie 181,Animation,Sanjay Leela Bhansali,1999,8.3,6000000,25391659,115
182,Movie 182,Drama,James Cameron,2024,5.4,94000000,286419789,94
183,Movie 183,Sci-Fi,James Cameron,1990,6.0,126000000,233771775,155
184,Movie 184,Drama,Christopher Nolan,1993,4.7,220000000,189610820,147
185,Movie 185,Romance,Denis Villeneuve,2018,8.3,267000000,369636198,155
186,Movie 186,Fantasy,Zoya Akhtar,1992,8.0,271000000,722367189,118
187,Movie 187,Sci-Fi,Rajamouli,2020,8.7,223000000,321176854,167
188,Movie 188,Horror,Villenueve,1995,5.8,80000000,85962242,88
189,Movie 189,Crime,Steven Spielberg,2025,7.9,200000000,585223196,156
190,Movie 190,Horror,Rian Johnson,2017,4.5,63000000,181938282,189
191,Movie 191,Fantasy,Bong Joon Ho,2003,6.4,121000000,238725758,132
192,Movie 192,Horror,Greta Gerwig,2016,8.0,165000000,348577279,134
193,Movie 193,Action,Sanjay Leela Bhansali,1999,7.8,247000000,306688586,88
194,Movie 194,Romance,Villenueve,2017,4.5,195000000,174415551,183
195,Movie 195,Sci-Fi,Anurag Kashyap,2025,7.1,67000000,142956071,132
196,Movie 196,Thriller,Ayan Mukerji,1993,9.3,164000000,248243872,125
197,Movie 197,Fantasy,Zoya Akhtar,1999,7.6,119000000,151871352,188
198,Movie 198,Fantasy,Sanjay Leela Bhansali,1997,8.2,298000000,1198687480,108
199,Movie 199,Fantasy,S.S. Rajamouli,2025,4.1,141000000,144606931,83
200,Movie 200,Action,Farhan Akhtar,2011,5.9,97000000,267915955,98
201,Movie 201,Thriller,Villenueve,1999,8.1,20000000,75504493,91
202,Movie 202,Animation,Greta Gerwig,2016,6.5,85000000,160158870,127
203,Movie 203,Comedy,S.S. Rajamouli,1995,8.9,84000000,329855932,100
204,Movie 204,Sci-Fi,Steven Spielberg,1995,5.5,222000000,634229319,142
205,Movie 205,Thriller,Christopher Nolan,2003,8.2,63000000,163086323,124
206,Movie 206,Action,Steven Spielberg,2021,6.9,162000000,258871148,85
207,Movie 207,Crime,Rajamouli,1990,5.1,113000000,114298625,178
208,Movie 208,Action,Christopher Nolan,2010,4.7,259000000,535220662,175
209,Movie 209,Drama,Greta Gerwig,2024,7.9,261000000,1064030697,151
210,Movie 210,Comedy,Villenueve,2015,8.7,26000000,28631663,135
211,Movie 211,Romance,Ayan Mukerji,2010,7.2,298000000,1043326624,131
212,Movie 212,Thriller,Christopher Nolan,1997,6.2,171000000,632704135,101
213,Movie 213,Crime,Denis Villeneuve,2013,4.5,59000000,121278677,111
214,Movie 214,Thriller,Rian Johnson,1995,6.2,163000000,317059526,175
215,Movie 215,Comedy,S.S. Rajamouli,2000,4.4,63000000,146337523,147
216,Movie 216,Comedy,Sanjay Leela Bhansali,1999,5.3,79000000,100300995,112
217,Movie 217,Crime,James Cameron,1994,5.0,257000000,858866792,139
218,Movie 218,Crime,Denis Villeneuve,2010,8.8,166000000,450872384,99
219,Movie 219,Horror,Denis Villeneuve,2009,8.4,33000000,96125045,125
220,Movie 220,Action,Denis Villeneuve,2018,4.2,193000000,279057295,186
221,Movie 221,Romance,Anurag Kashyap,2022,6.1,288000000,992995192,181
222,Movie 222,Sci-Fi,Denis Villeneuve,2002,5.8,248000000,289731478,144
223,Movie 223,Sci-Fi,Denis Villeneuve,1996,8.5,180000000,237681126,171
224,Movie 224,Drama,Rajamouli,2005,7.9,229000000,663285340,147
225,Movie 225,Drama,Sanjay Leela Bhansali,2013,9.0,203000000,815647137,132
226,Movie 226,Crime,Rajamouli,2011,4.4,53000000,157030600,151
227,Movie 227,Action,Christopher Nolan,1999,5.8,77000000,136588806,124
228,Movie 228,Thriller,James Cameron,1995,5.7,197000000,706898141,162
229,Movie 229,Drama,Steven Spielberg,2023,4.5,221000000,392263235,145
230,Movie 230,Comedy,Christopher Nolan,2001,9.2,179000000,528556480,178
231,Movie 231,Animation,James Cameron,1999,4.4,56000000,185602140,144
232,Movie 232,Fantasy,Rajamouli,2011,8.8,72000000,178310556,156
233,Movie 233,Drama,James Cameron,2000,8.0,27000000,62352119,132
234,Movie 234,Animation,Denis Villeneuve,2008,8.1,234000000,694802714,109
235,Movie 235,Action,S.S. Rajamouli,2020,9.0,104000000,379866857,127
236,Movie 236,Crime,Denis Villeneuve,2019,8.2,200000000,591869439,144
237,Movie 237,Drama,Ayan Mukerji,2002,8.4,75000000,88746243,112
238,Movie 238,Horror,Ayan Mukerji,2013,7.0,57000000,227395267,171
239,Movie 239,Romance,Christopher Nolan,1995,8.2,144000000,632903557,137
240,Movie 240,Drama,Ayan Mukerji,2017,4.5,118000000,249485790,184
241,Movie 241,Comedy,Farhan Akhtar,1991,6.3,207000000,432848106,144
242,Movie 242,Thriller,Villenueve,2013,5.2,168000000,620570142,92
243,Movie 243,Comedy,S.S. Rajamouli,1999,4.8,151000000,338289640,186
244,Movie 244,Drama,S.S. Rajamouli,2020,6.5,7000000,5405503,90
245,Movie 245,Animation,Ayan Mukerji,1999,7.0,275000000,329315269,134
246,Movie 246,Action,Zoya Akhtar,2009,4.7,127000000,362968105,133
247,Movie 247,Crime,Denis Villeneuve,1994,4.6,260000000,637521138,156
248,Movie 248,Fantasy,Anurag Kashyap,2005,8.0,154000000,143365449,134
249,Movie 249,Comedy,Zoya Akhtar,2016,5.0,48000000,200576979,147
250,Movie 250,Romance,Rian Johnson,2024,6.8,264000000,217079376,150
251,Movie 251,Horror,Rajamouli,2014,9.4,134000000,160360544,175
252,Movie 252,Romance,Sanjay Leela Bhansali,2005,8.0,58000000,181901492,178
253,Movie 253,Comedy,James Cameron,1992,5.9,178000000,543366954,184
254,Movie 254,Horror,Bong Joon Ho,2020,7.5,74000000,264251870,88
255,Movie 255,Horror,Rajamouli,2008,5.1,107000000,180751260,85
256,Movie 256,Action,Rian Johnson,2015,9.4,283000000,593618623,140
257,Movie 257,Animation,Christopher Nolan,2012,8.7,29000000,102131596,190
258,Movie 258,Action,Villenueve,2013,6.4,209000000,492403834,175
259,Movie 259,Thriller,Sanjay Leela Bhansali,2001,6.7,259000000,1098776361,127
260,Movie 260,Fantasy,Christopher Nolan,1995,8.0,45000000,144644514,135
261,Movie 261,Drama,Rian Johnson,2008,5.8,45000000,139792186,121
262,Movie 262,Action,Denis Villeneuve,2017,4.9,232000000,500909507,124
263,Movie 263,Comedy,Anurag Kashyap,2017,5.5,34000000,105416958,89
264,Movie 264,Thriller,Sanjay Leela Bhansali,2022,8.4,86000000,131370330,83
265,Movie 265,Crime,Steven Spielberg,2018,4.2,39000000,129220978,110
266,Movie 266,Comedy,Sanjay Leela Bhansali,2014,9.2,21000000,35449365,157
267,Movie 267,Horror,Sanjay Leela Bhansali,2013,6.4,44000000,53162622,153
268,Movie 268,Comedy,Greta Gerwig,2010,7.6,132000000,127178131,94
269,Movie 269,Drama,Denis Villeneuve,2023,6.1,292000000,477347400,95
270,Movie 270,Action,Bong Joon Ho,2018,5.2,151000000,602130598,168
271,Movie 271,Horror,Zoya Akhtar,1997,4.7,42000000,45615955,137
272,Movie 272,Horror,Villenueve,2010,7.7,38000000,111729544,150
273,Movie 273,Action,Ayan Mukerji,2000,7.9,94000000,214665007,181
274,Movie 274,Animation,Villenueve,2002,8.4,126000000,360647703,181
275,Movie 275,Comedy,Rian Johnson,2013,6.6,287000000,872595884,96
276,Movie 276,Romance,Villenueve,2009,6.2,250000000,554005364,147
277,Movie 277,Thriller,Ayan Mukerji,1994,4.7,167000000,118875121,162
278,Movie 278,Horror,Steven Spielberg,2023,5.9,287000000,816109401,161
279,Movie 279,Drama,Greta Gerwig,2022,9.0,33000000,51044804,186
280,Movie 280,Drama,Christopher Nolan,2000,4.9,120000000,487252310,124
281,Movie 281,Fantasy,Farhan Akhtar,2008,8.7,133000000,457947853,105
282,Movie 282,Fantasy,Christopher Nolan,1998,7.4,278000000,763048270,91
283,Movie 283,Drama,Anurag Kashyap,1999,4.9,177000000,702855133,187
284,Movie 284,Sci-Fi,Ayan Mukerji,1991,4.4,300000000,857788174,113
285,Movie 285,Crime,Greta Gerwig,1991,6.7,284000000,900066346,117
286,Movie 286,Action,Denis Villeneuve,2005,8.4,212000000,574195153,118
287,Movie 287,Sci-Fi,James Cameron,2018,6.3,242000000,474981085,106
288,Movie 288,Drama,Sanjay Leela Bhansali,2010,8.0,181000000,257365959,131
289,Movie 289,Comedy,Rian Johnson,2025,4.6,128000000,112714656,139
290,Movie 290,Horror,Zoya Akhtar,1999,4.5,153000000,563624862,129
291,Movie 291,Thriller,Zoya Akhtar,2000,8.5,300000000,656495009,172
292,Movie 292,Drama,Denis Villeneuve,2022,6.6,162000000,130097329,143
293,Movie 293,Thriller,Rian Johnson,2019,9.3,115000000,283015153,154
294,Movie 294,Sci-Fi,Christopher Nolan,2021,7.3,245000000,700559087,116
295,Movie 295,Romance,Greta Gerwig,1998,8.9,192000000,497734171,177
296,Movie 296,Sci-Fi,Greta Gerwig,1993,7.1,104000000,300793700,126
297,Movie 297,Romance,Greta Gerwig,2022,6.5,286000000,1097148340,115
298,Movie 298,Crime,Steven Spielberg,1997,4.7,54000000,99800298,130
299,Movie 299,Comedy,Rian Johnson,2013,8.2,106000000,306304549,157
300,Movie 300,Fantasy,Rajamouli,1992,4.2,175000000,377164860,182
301,Movie 301,Horror,James Cameron,2022,4.8,168000000,325622208,100
302,Movie 302,Crime,Bong Joon Ho,2009,7.3,264000000,727825185,186
303,Movie 303,Horror,Bong Joon Ho,2009,6.6,13000000,25658235,127
304,Movie 304,Romance,Greta Gerwig,2009,8.4,18000000,50191970,156
305,Movie 305,Crime,Anurag Kashyap,2004,8.0,250000000,729270715,101
306,Movie 306,Crime,S.S. Rajamouli,2014,4.8,129000000,338078947,84
307,Movie 307,Romance,Zoya Akhtar,1991,6.4,219000000,493680403,99
308,Movie 308,Animation,Greta Gerwig,2022,8.3,246000000,926480681,188
309,Movie 309,Sci-Fi,Bong Joon Ho,1998,6.9,292000000,1329437134,121
310,Movie 310,Horror,Rian Johnson,2014,5.7,93000000,376284678,138
311,Movie 311,Comedy,Rian Johnson,2012,7.7,140000000,380783814,158
312,Movie 312,Animation,Christopher Nolan,2025,5.6,157000000,261124868,178
313,Movie 313,Animation,Bong Joon Ho,2021,5.7,183000000,755435240,151
314,Movie 314,Action,Christopher Nolan,1997,7.2,283000000,1191115800,128
315,Movie 315,Thriller,Ayan Mukerji,2012,9.3,79000000,101108359,117
316,Movie 316,Romance,Sanjay Leela Bhansali,2018,7.6,250000000,408214606,107
317,Movie 317,Fantasy,Christopher Nolan,2025,7.8,75000000,242592954,93
318,Movie 318,Crime,Zoya Akhtar,2005,4.3,276000000,771196268,108
319,Movie 319,Sci-Fi,Villenueve,2016,5.8,246000000,783148269,92
320,Movie 320,Drama,Rajamouli,2025,9.4,85000000,307359373,132
321,Movie 321,Horror,Denis Villeneuve,2002,8.2,152000000,310015901,121
322,Movie 322,Sci-Fi,Farhan Akhtar,1995,7.6,123000000,451657080,148
323,Movie 323,Sci-Fi,Farhan Akhtar,2001,6.3,95000000,423629020,84
324,Movie 324,Thriller,S.S. Rajamouli,2021,5.0,153000000,78062931,84
325,Movie 325,Crime,Anurag Kashyap,1996,9.1,176000000,495708663,116
326,Movie 326,Fantasy,Rian Johnson,2021,8.9,73000000,217248595,188
327,Movie 327,Action,Zoya Akhtar,1997,5.8,239000000,375852964,162
328,Movie 328,Drama,Rajamouli,2011,8.3,295000000,1135063963,166
329,Movie 329,Drama,Anurag Kashyap,2015,8.5,268000000,356333744,121
330,Movie 330,Romance,James Cameron,1998,6.6,132000000,225189894,80
331,Movie 331,Animation,Denis Villeneuve,2007,9.2,159000000,612460623,154
332,Movie 332,Sci-Fi,Christopher Nolan,2013,7.8,36000000,48393159,165
333,Movie 333,Action,James Cameron,2015,7.8,164000000,219953492,168
334,Movie 334,Action,Sanjay Leela Bhansali,2004,5.2,73000000,79358675,141
335,Movie 335,Crime,Sanjay Leela Bhansali,2016,7.9,246000000,726331534,176
336,Movie 336,Animation,S.S. Rajamouli,2005,7.7,46000000,118571546,147
337,Movie 337,Comedy,Villenueve,1997,4.3,285000000,324385791,144
338,Movie 338,Fantasy,James Cameron,2000,5.8,271000000,280948974,136
339,Movie 339,Animation,Bong Joon Ho,2021,4.5,266000000,923825957,137
340,Movie 340,Horror,James Cameron,2022,6.3,293000000,818474801,87
341,Movie 341,Action,Bong Joon Ho,1991,6.2,6000000,8898149,175
342,Movie 342,Romance,Rajamouli,2017,5.9,37000000,162343786,149
343,Movie 343,Romance,Farhan Akhtar,2020,4.2,214000000,701298081,103
344,Movie 344,Thriller,Sanjay Leela Bhansali,2014,6.5,198000000,198980094,128
345,Movie 345,Fantasy,James Cameron,2012,4.7,280000000,683088462,130
346,Movie 346,Animation,Ayan Mukerji,1990,8.2,157000000,551745015,139
347,Movie 347,Fantasy,Greta Gerwig,2024,6.1,122000000,291625879,111
348,Movie 348,Drama,Christopher Nolan,2002,9.2,62000000,259223060,84
349,Movie 349,Thriller,Anurag Kashyap,1991,5.3,39000000,108302522,92
350,Movie 350,Horror,Anurag Kashyap,1993,5.3,27000000,59077584,131
351,Movie 351,Fantasy,Zoya Akhtar,1993,4.8,153000000,542383129,109
352,Movie 352,Crime,Sanjay Leela Bhansali,2010,5.3,78000000,195058812,164
353,Movie 353,Thriller,Christopher Nolan,2007,4.3,94000000,277229544,160
354,Movie 354,Fantasy,Denis Villeneuve,1993,9.3,200000000,622591925,180
355,Movie 355,Thriller,Greta Gerwig,1999,5.6,99000000,258303613,176
356,Movie 356,Animation,Ayan Mukerji,2004,5.7,78000000,182480657,183
357,Movie 357,Sci-Fi,Rian Johnson,2016,9.3,290000000,472570211,147
358,Movie 358,Animation,Christopher Nolan,2003,5.8,45000000,171634808,137
359,Movie 359,Romance,Rian Johnson,2002,4.3,198000000,528439011,166
360,Movie 360,Sci-Fi,Ayan Mukerji,1994,5.0,291000000,668339113,107
361,Movie 361,Comedy,Christopher Nolan,1990,5.2,102000000,96981758,174
362,Movie 362,Horror,Farhan Akhtar,2005,7.8,109000000,476600379,130
363,Movie 363,Fantasy,Sanjay Leela Bhansali,2008,6.1,278000000,557441794,163
364,Movie 364,Action,Sanjay Leela Bhansali,2022,8.9,243000000,998900868,92
365,Movie 365,Horror,S.S. Rajamouli,2010,9.0,194000000,513699321,120
366,Movie 366,Crime,Ayan Mukerji,2004,8.1,13000000,39553591,113
367,Movie 367,Crime,Anurag Kashyap,2016,5.6,105000000,151102431,122
368,Movie 368,Crime,Ayan Mukerji,2005,6.7,177000000,642646356,112
369,Movie 369,Horror,Bong Joon Ho,2021,6.5,185000000,227890845,101
370,Movie 370,Fantasy,Denis Villeneuve,2001,9.0,282000000,1328925055,162
371,Movie 371,Fantasy,Rajamouli,1994,9.2,29000000,32748497,177
372,Movie 372,Drama,Ayan Mukerji,2004,4.4,82000000,99723049,81
373,Movie 373,Horror,Sanjay Leela Bhansali,1993,7.4,252000000,677589358,164
374,Movie 374,Sci-Fi,Rian Johnson,2025,6.3,13000000,44386320,147
375,Movie 375,Fantasy,Christopher Nolan,1991,6.8,225000000,971078685,183
376,Movie 376,Drama,Villenueve,1996,6.9,128000000,398741401,104
377,Movie 377,Action,Ayan Mukerji,2012,5.5,208000000,409259971,90
378,Movie 378,Thriller,Denis Villeneuve,2005,9.4,120000000,448122981,118
379,Movie 379,Romance,Steven Spielberg,1992,4.5,199000000,497552828,128
380,Movie 380,Sci-Fi,Steven Spielberg,1990,7.9,47000000,193745901,143
381,Movie 381,Comedy,Anurag Kashyap,1996,8.9,26000000,48448005,109
382,Movie 382,Crime,Denis Villeneuve,2007,4.3,43000000,167150557,167
383,Movie 383,Fantasy,Anurag Kashyap,1992,5.0,166000000,685344764,82
384,Movie 384,Crime,James Cameron,2015,9.1,158000000,510820503,100
385,Movie 385,Crime,Ayan Mukerji,2014,7.7,281000000,657150987,122
386,Movie 386,Drama,S.S. Rajamouli,1995,6.8,182000000,203149490,86
387,Movie 387,Animation,Ayan Mukerji,1994,5.9,208000000,384848101,179
388,Movie 388,Action,S.S. Rajamouli,2018,6.7,187000000,805286105,150
389,Movie 389,Thriller,James Cameron,2014,4.5,156000000,208495430,182
390,Movie 390,Romance,Villenueve,2007,4.8,83000000,159821771,174
391,Movie 391,Comedy,Villenueve,1995,4.0,162000000,274215211,136
392,Movie 392,Action,Villenueve,1998,4.5,225000000,566222202,137
393,Movie 393,Fantasy,Greta Gerwig,1996,4.1,186000000,129017819,150
394,Movie 394,Crime,S.S. Rajamouli,2010,8.8,11000000,28792260,117
395,Movie 395,Romance,Bong Joon Ho,2025,9.0,129000000,394120440,153
396,Movie 396,Thriller,James Cameron,1998,5.5,142000000,156846429,143
397,Movie 397,Drama,Greta Gerwig,2007,6.3,252000000,242499895,180
398,Movie 398,Action,Zoya Akhtar,2021,7.3,105000000,128781974,138
399,Movie 399,Action,Rajamouli,2015,5.8,199000000,770399362,182
400,Movie 400,Horror,Sanjay Leela Bhansali,2017,8.5,74000000,164171041,118
401,Movie 401,Animation,Denis Villeneuve,2010,5.0,208000000,329160619,120
402,Movie 402,Horror,Anurag Kashyap,2005,5.8,148000000,530031337,184
403,Movie 403,Comedy,Villenueve,2002,7.3,284000000,968584273,103
404,Movie 404,Fantasy,Rajamouli,2019,9.2,112000000,463254957,136
405,Movie 405,Romance,Ayan Mukerji,2016,7.7,76000000,154338067,161
406,Movie 406,Action,Steven Spielberg,1999,7.9,198000000,518057800,89
407,Movie 407,Crime,Denis Villeneuve,2015,6.9,219000000,197035969,149
408,Movie 408,Comedy,Bong Joon Ho,2024,7.3,48000000,179617218,93
409,Movie 409,Comedy,James Cameron,1992,7.1,209000000,428464100,176
410,Movie 410,Thriller,Villenueve,1990,4.5,118000000,382088897,145
411,Movie 411,Fantasy,Anurag Kashyap,2004,6.5,205000000,745154599,139
412,Movie 412,Crime,Bong Joon Ho,2022,4.8,17000000,14318888,141
413,Movie 413,Thriller,Farhan Akhtar,1995,4.6,77000000,123214114,124
414,Movie 414,Horror,S.S. Rajamouli,2003,6.9,183000000,206967055,140
415,Movie 415,Horror,Sanjay Leela Bhansali,1994,5.7,63000000,239833693,82
416,Movie 416,Romance,Steven Spielberg,2000,9.1,129000000,226126974,146
417,Movie 417,Drama,Sanjay Leela Bhansali,2025,6.3,241000000,892054750,109
418,Movie 418,Drama,James Cameron,2017,6.2,106000000,307969432,137
419,Movie 419,Thriller,Rajamouli,2003,5.1,37000000,32436338,153
420,Movie 420,Fantasy,James Cameron,2013,5.8,239000000,380474353,94
421,Movie 421,Horror,Rian Johnson,2010,7.3,205000000,257086785,155
422,Movie 422,Comedy,Ayan Mukerji,2019,7.4,157000000,483189446,158
423,Movie 423,Drama,Sanjay Leela Bhansali,1997,5.3,64000000,124068036,103
424,Movie 424,Drama,Rian Johnson,2014,6.3,75000000,159607339,153
425,Movie 425,Drama,Denis Villeneuve,2024,7.8,93000000,142205276,151
426,Movie 426,Action,James Cameron,2001,5.7,235000000,184174857,159
427,Movie 427,Comedy,Rajamouli,2021,4.8,201000000,475498559,151
428,Movie 428,Horror,Greta Gerwig,2021,6.3,232000000,302890674,142
429,Movie 429,Crime,Rajamouli,2004,5.6,145000000,378147348,108
430,Movie 430,Drama,S.S. Rajamouli,2019,7.1,258000000,704614183,150
431,Movie 431,Crime,Villenueve,2007,8.3,192000000,786416932,149
432,Movie 432,Sci-Fi,S.S. Rajamouli,2018,7.0,222000000,792930065,93
433,Movie 433,Animation,Christopher Nolan,1992,6.5,183000000,696053058,190
434,Movie 434,Horror,Ayan Mukerji,1997,8.3,126000000,510384460,106
435,Movie 435,Crime,Bong Joon Ho,2012,8.7,224000000,755187901,101
436,Movie 436,Animation,Ayan Mukerji,2003,8.4,296000000,890269440,124
437,Movie 437,Crime,Rian Johnson,2000,5.8,154000000,426794861,117
438,Movie 438,Fantasy,Farhan Akhtar,1996,4.7,215000000,903311246,87
439,Movie 439,Drama,Bong Joon Ho,1998,5.4,169000000,249394654,186
440,Movie 440,Thriller,Denis Villeneuve,1999,7.2,142000000,337825858,160
441,Movie 441,Horror,Villenueve,1995,6.2,147000000,619322353,168
442,Movie 442,Comedy,Denis Villeneuve,2021,5.8,6000000,22885415,179
443,Movie 443,Romance,Bong Joon Ho,2019,7.5,188000000,205043442,188
444,Movie 444,Fantasy,Greta Gerwig,2003,9.3,113000000,241869718,143
445,Movie 445,Action,Sanjay Leela Bhansali,2025,7.2,294000000,778889506,189
446,Movie 446,Comedy,Farhan Akhtar,1993,4.3,240000000,202104307,82
447,Movie 447,Drama,Denis Villeneuve,2019,4.0,224000000,920334791,105
448,Movie 448,Drama,Farhan Akhtar,2009,4.9,145000000,427377968,91
449,Movie 449,Action,Villenueve,2013,7.7,89000000,212362717,86
450,Movie 450,Action,Bong Joon Ho,2004,6.4,51000000,53381596,170
451,Movie 451,Animation,Denis Villeneuve,1994,4.7,120000000,361672122,146
452,Movie 452,Sci-Fi,Rajamouli,2011,8.5,221000000,332000691,168
453,Movie 453,Romance,Zoya Akhtar,2014,4.5,57000000,90671930,93
454,Movie 454,Action,James Cameron,2014,8.3,73000000,346251599,162
455,Movie 455,Drama,Villenueve,2023,7.1,89000000,189081686,136
456,Movie 456,Animation,Steven Spielberg,1999,9.1,231000000,442487378,190
457,Movie 457,Romance,James Cameron,1997,7.2,201000000,897534365,124
458,Movie 458,Comedy,S.S. Rajamouli,1998,5.4,48000000,126619545,111
459,Movie 459,Crime,Bong Joon Ho,2008,8.3,18000000,75399589,188
460,Movie 460,Action,Zoya Akhtar,2023,7.3,101000000,233174039,175
461,Movie 461,Sci-Fi,S.S. Rajamouli,2005,6.7,62000000,162961646,110
462,Movie 462,Crime,Villenueve,2023,8.9,11000000,50698039,126
463,Movie 463,Drama,Greta Gerwig,2016,6.0,93000000,224581568,177
464,Movie 464,Romance,Rajamouli,1994,4.1,115000000,442267149,85
465,Movie 465,Thriller,Rian Johnson,2008,7.5,261000000,633875452,178
466,Movie 466,Thriller,Villenueve,2024,7.0,83000000,90691517,115
467,Movie 467,Romance,Rian Johnson,2003,9.4,84000000,199638694,148
468,Movie 468,Crime,Steven Spielberg,1994,5.7,228000000,958289999,173
469,Movie 469,Animation,Rajamouli,2005,4.5,227000000,481878551,94
470,Movie 470,Crime,Rajamouli,2009,7.7,94000000,87243927,95
471,Movie 471,Drama,Bong Joon Ho,1990,4.9,182000000,441431317,146
472,Movie 472,Action,James Cameron,2013,4.7,142000000,539369404,173
473,Movie 473,Sci-Fi,Sanjay Leela Bhansali,2017,5.5,37000000,120502648,113
474,Movie 474,Crime,Steven Spielberg,1994,6.7,266000000,250217853,126
475,Movie 475,Crime,James Cameron,2013,4.9,57000000,172234485,153
476,Movie 476,Romance,Zoya Akhtar,2022,4.0,11000000,5497027,111
477,Movie 477,Comedy,Greta Gerwig,1999,5.0,23000000,81117293,150
478,Movie 478,Thriller,Zoya Akhtar,2010,5.4,168000000,617196481,114
479,Movie 479,Crime,Sanjay Leela Bhansali,1997,6.8,31000000,49386200,102
480,Movie 480,Fantasy,Rajamouli,2015,4.4,243000000,354237164,190
481,Movie 481,Action,Sanjay Leela Bhansali,1995,7.0,9000000,13837953,127
482,Movie 482,Crime,S.S. Rajamouli,2009,8.1,129000000,301787732,139
483,Movie 483,Horror,S.S. Rajamouli,2002,8.0,284000000,1121714645,177
484,Movie 484,Drama,Rajamouli,2016,4.1,282000000,777355275,124
485,Movie 485,Sci-Fi,Sanjay Leela Bhansali,1990,8.2,197000000,740663679,188
486,Movie 486,Action,Villenueve,2003,6.9,126000000,331343426,133
487,Movie 487,Sci-Fi,James Cameron,2007,4.5,123000000,292135458,188
488,Movie 488,Comedy,Denis Villeneuve,1995,7.2,263000000,848548350,97
489,Movie 489,Thriller,Villenueve,1993,6.4,71000000,127329191,110
490,Movie 490,Comedy,Farhan Akhtar,2015,7.9,172000000,452442532,120
491,Movie 491,Animation,Villenueve,2002,4.7,60000000,49889967,99
492,Movie 492,Horror,Denis Villeneuve,2010,6.2,279000000,1205450732,125
493,Movie 493,Animation,Denis Villeneuve,2009,6.5,66000000,85729936,91
494,Movie 494,Action,Ayan Mukerji,1992,5.2,172000000,146476753,98
495,Movie 495,Animation,Sanjay Leela Bhansali,2015,6.8,158000000,610091805,113
496,Movie 496,Drama,Rajamouli,2015,8.7,289000000,901812763,175
497,Movie 497,Romance,Denis Villeneuve,1996,8.4,76000000,78313159,95
498,Movie 498,Animation,James Cameron,2002,8.5,195000000,662050483,167
499,Movie 499,Romance,Anurag Kashyap,2006,9.0,43000000,209161177,82
500,Movie 500,Animation,Farhan Akhtar,2018,8.5,52000000,215880780,188
501,Movie 501,Comedy,Villenueve,1992,9.2,30000000,138501016,101
502,Movie 502,Thriller,Ayan Mukerji,2015,6.7,200000000,470264654,167
503,Movie 503,Comedy,Zoya Akhtar,2001,5.5,233000000,158828617,99
504,Movie 504,Crime,Anurag Kashyap,2005,7.6,260000000,1097085231,132
505,Movie 505,Horror,Rajamouli,1995,5.5,75000000,98095474,133
506,Movie 506,Fantasy,Zoya Akhtar,2024,8.4,200000000,739161708,180
507,Movie 507,Horror,Rian Johnson,2021,5.9,294000000,538636456,144
508,Movie 508,Action,James Cameron,1991,5.8,117000000,467872021,83
509,Movie 509,Action,Rajamouli,2020,6.9,124000000,141423299,100
510,Movie 510,Animation,Christopher Nolan,2024,8.5,33000000,157947562,177
511,Movie 511,Animation,Anurag Kashyap,2014,6.0,93000000,141722170,102
512,Movie 512,Comedy,S.S. Rajamouli,2012,9.0,19000000,71005490,170
513,Movie 513,Crime,Anurag Kashyap,1999,7.1,101000000,458986783,187
514,Movie 514,Horror,Rian Johnson,2009,5.0,24000000,16522519,91
515,Movie 515,Crime,Zoya Akhtar,1991,6.9,5000000,21240027,122
516,Movie 516,Animation,S.S. Rajamouli,1998,5.9,95000000,362736555,182
517,Movie 517,Comedy,Rajamouli,1991,4.8,77000000,66720365,179
518,Movie 518,Fantasy,Ayan Mukerji,2013,9.3,196000000,921064409,170
519,Movie 519,Thriller,Anurag Kashyap,1996,5.9,170000000,734105993,97
520,Movie 520,Thriller,S.S. Rajamouli,2021,7.6,94000000,427344962,170
521,Movie 521,Crime,S.S. Rajamouli,2012,5.2,94000000,157067257,128
522,Movie 522,Action,James Cameron,2001,8.0,298000000,1239047187,130
523,Movie 523,Crime,Rajamouli,2001,7.3,118000000,350352730,161
524,Movie 524,Horror,James Cameron,2011,8.1,126000000,588803378,124
525,Movie 525,Drama,Steven Spielberg,1995,8.5,176000000,183621390,137
526,Movie 526,Animation,Zoya Akhtar,1994,5.9,60000000,36892103,172
527,Movie 527,Thriller,Denis Villeneuve,2016,9.3,216000000,965677356,143
528,Movie 528,Comedy,Rian Johnson,2014,4.6,250000000,924598184,180
529,Movie 529,Animation,James Cameron,2018,4.4,22000000,10148520,117
530,Movie 530,Action,Villenueve,1994,5.9,197000000,668134034,100
531,Movie 531,Fantasy,Farhan Akhtar,1995,5.9,252000000,183399092,170
532,Movie 532,Drama,Anurag Kashyap,2017,4.9,56000000,69501141,122
533,Movie 533,Animation,Greta Gerwig,2025,8.0,281000000,965311429,113
534,Movie 534,Action,Zoya Akhtar,1996,4.3,297000000,1057749794,150
535,Movie 535,Drama,Rajamouli,2013,4.0,49000000,169334678,117
536,Movie 536,Crime,Denis Villeneuve,2002,4.5,110000000,310763695,101
537,Movie 537,Romance,Denis Villeneuve,1997,5.7,208000000,507222120,140
538,Movie 538,Action,Villenueve,2024,6.1,194000000,396482907,128
539,Movie 539,Horror,Rajamouli,2006,6.4,139000000,537359996,108
540,Movie 540,Crime,Rajamouli,1999,8.1,54000000,187862568,90
541,Movie 541,Fantasy,Greta Gerwig,2004,7.0,203000000,560444965,184
542,Movie 542,Fantasy,Steven Spielberg,2020,7.1,125000000,240704751,140
543,Movie 543,Thriller,Farhan Akhtar,1992,6.8,269000000,784577381,182
544,Movie 544,Crime,James Cameron,1997,9.2,234000000,1102475470,102
545,Movie 545,Drama,Zoya Akhtar,2002,4.7,221000000,924987490,90
546,Movie 546,Thriller,Zoya Akhtar,1999,8.6,137000000,613219815,120
547,Movie 547,Romance,Villenueve,2014,7.1,287000000,1160964331,121
548,Movie 548,Fantasy,Denis Villeneuve,1990,8.3,272000000,697532187,180
549,Movie 549,Thriller,James Cameron,1999,7.1,56000000,163979104,93
550,Movie 550,Romance,S.S. Rajamouli,2008,8.8,181000000,370818174,132
551,Movie 551,Horror,Anurag Kashyap,2020,4.2,146000000,131639461,131
552,Movie 552,Crime,Steven Spielberg,2015,4.2,174000000,218857429,168
553,Movie 553,Horror,Farhan Akhtar,2007,8.9,15000000,62490997,123
554,Movie 554,Action,Christopher Nolan,2007,8.6,55000000,83911573,109
555,Movie 555,Horror,S.S. Rajamouli,2010,5.5,218000000,654677605,157
556,Movie 556,Animation,Denis Villeneuve,2003,9.0,213000000,621097190,174
557,Movie 557,Fantasy,Ayan Mukerji,2013,8.5,268000000,429897535,181
558,Movie 558,Action,Bong Joon Ho,2022,6.2,273000000,208845820,152
559,Movie 559,Animation,Farhan Akhtar,2002,8.6,132000000,362934651,84
560,Movie 560,Comedy,Bong Joon Ho,2002,5.5,242000000,498128118,144
561,Movie 561,Romance,Steven Spielberg,1991,5.3,255000000,564874226,156
562,Movie 562,Horror,Anurag Kashyap,2025,5.9,88000000,352798098,187
563,Movie 563,Romance,Christopher Nolan,1991,6.1,88000000,247683095,189
564,Movie 564,Animation,Ayan Mukerji,2004,7.6,110000000,367513505,114
565,Movie 565,Fantasy,Rajamouli,1990,6.6,72000000,98867699,162
566,Movie 566,Sci-Fi,Zoya Akhtar,2006,7.3,161000000,723645554,171
567,Movie 567,Action,Greta Gerwig,2014,8.7,240000000,446206657,112
568,Movie 568,Action,Steven Spielberg,2023,8.5,208000000,288867486,154
569,Movie 569,Fantasy,Steven Spielberg,2013,7.1,149000000,505224717,118
570,Movie 570,Horror,Villenueve,2011,9.4,171000000,374004827,190
571,Movie 571,Action,Zoya Akhtar,1999,6.8,128000000,487121065,87
572,Movie 572,Crime,Greta Gerwig,2010,7.7,18000000,49860301,163
573,Movie 573,Action,Christopher Nolan,2016,6.2,23000000,76950227,154
574,Movie 574,Crime,Ayan Mukerji,2002,5.9,118000000,311710379,167
575,Movie 575,Horror,Farhan Akhtar,2012,6.8,92000000,298442093,187
576,Movie 576,Fantasy,James Cameron,2008,4.5,70000000,96801392,174
577,Movie 577,Fantasy,S.S. Rajamouli,2001,9.2,176000000,254203720,163
578,Movie 578,Comedy,Zoya Akhtar,2009,6.3,174000000,288861766,127
579,Movie 579,Action,Denis Villeneuve,1997,6.6,41000000,167887580,140
580,Movie 580,Fantasy,Villenueve,2014,6.9,216000000,878952979,86
581,Movie 581,Drama,James Cameron,2002,5.9,296000000,341658526,138
582,Movie 582,Drama,S.S. Rajamouli,1995,6.7,95000000,298404127,120
583,Movie 583,Sci-Fi,Denis Villeneuve,2007,5.2,91000000,310313475,153
584,Movie 584,Horror,S.S. Rajamouli,1995,4.7,227000000,468018827,161
585,Movie 585,Thriller,Denis Villeneuve,2014,4.0,278000000,862218241,105
586,Movie 586,Sci-Fi,Farhan Akhtar,2010,8.2,276000000,282370432,104
587,Movie 587,Sci-Fi,Steven Spielberg,2005,5.2,181000000,180083604,119
588,Movie 588,Thriller,Rian Johnson,2009,4.9,28000000,113796503,118
589,Movie 589,Horror,Bong Joon Ho,2023,7.3,177000000,742391341,135
590,Movie 590,Drama,Sanjay Leela Bhansali,2021,6.0,101000000,426999774,101
591,Movie 591,Thriller,Rajamouli,2004,5.2,72000000,237203363,107
592,Movie 592,Crime,Rian Johnson,2000,4.7,24000000,90260825,128
593,Movie 593,Action,S.S. Rajamouli,2024,7.4,29000000,36129102,164
594,Movie 594,Sci-Fi,Rajamouli,1997,6.3,199000000,547184939,95
595,Movie 595,Horror,Bong Joon Ho,1999,5.1,9000000,18803803,118
596,Movie 596,Romance,Steven Spielberg,2023,5.5,75000000,277986025,133
597,Movie 597,Romance,Rian Johnson,1997,5.6,59000000,77871581,143
598,Movie 598,Animation,S.S. Rajamouli,2006,8.6,108000000,398310442,125
599,Movie 599,Action,James Cameron,1992,7.0,111000000,479616848,168
600,Movie 600,Comedy,Zoya Akhtar,1990,4.1,50000000,175694111,94
601,Movie 601,Horror,James Cameron,1995,8.3,43000000,159942358,172
602,Movie 602,Action,Steven Spielberg,2004,6.5,156000000,384423617,113
603,Movie 603,Romance,Ayan Mukerji,2001,8.8,153000000,625932974,126
604,Movie 604,Comedy,Greta Gerwig,1997,4.5,28000000,101852664,81
605,Movie 605,Drama,Sanjay Leela Bhansali,2012,8.9,142000000,200676529,173
606,Movie 606,Comedy,James Cameron,1997,6.2,238000000,911704627,114
607,Movie 607,Horror,S.S. Rajamouli,2016,7.6,90000000,123168959,94
608,Movie 608,Sci-Fi,Ayan Mukerji,2000,4.6,252000000,649400229,182
609,Movie 609,Horror,James Cameron,2014,8.3,19000000,67848310,190
610,Movie 610,Drama,Denis Villeneuve,2021,4.6,215000000,126784389,136
611,Movie 611,Action,Steven Spielberg,2010,4.1,273000000,864255342,178
612,Movie 612,Crime,Zoya Akhtar,2011,6.9,53000000,173549051,135
613,Movie 613,Animation,Denis Villeneuve,2012,7.7,202000000,821801747,99
614,Movie 614,Fantasy,Farhan Akhtar,1993,4.1,85000000,303077120,144
615,Movie 615,Horror,Ayan Mukerji,2000,4.4,256000000,332899559,121
616,Movie 616,Action,Rajamouli,2022,5.2,198000000,714778527,131
617,Movie 617,Romance,Denis Villeneuve,2018,8.4,234000000,992169138,91
618,Movie 618,Horror,Sanjay Leela Bhansali,1997,9.4,14000000,37352989,93
619,Movie 619,Sci-Fi,Rian Johnson,2025,4.0,51000000,133669594,181
620,Movie 620,Crime,Steven Spielberg,2009,8.9,292000000,1035859703,106
621,Movie 621,Horror,Sanjay Leela Bhansali,2013,8.5,119000000,324506804,188
622,Movie 622,Fantasy,S.S. Rajamouli,2020,7.9,191000000,502258056,171
623,Movie 623,Romance,S.S. Rajamouli,2004,4.0,186000000,508321722,186
624,Movie 624,Action,Rian Johnson,2023,6.1,59000000,238839850,85
625,Movie 625,Horror,James Cameron,2016,4.6,105000000,91752577,104
626,Movie 626,Thriller,Zoya Akhtar,2019,8.5,102000000,232983043,171
627,Movie 627,Thriller,Rajamouli,1997,8.2,235000000,812426828,138
628,Movie 628,Fantasy,James Cameron,2021,4.0,29000000,112495972,150
629,Movie 629,Crime,Denis Villeneuve,2022,8.3,95000000,301008133,168
630,Movie 630,Drama,Villenueve,2014,7.6,169000000,712214022,144
631,Movie 631,Thriller,Anurag Kashyap,2005,5.5,180000000,408746462,117
632,Movie 632,Drama,James Cameron,2016,7.3,267000000,1074323317,118
633,Movie 633,Fantasy,Ayan Mukerji,2010,7.9,288000000,499939694,160
634,Movie 634,Animation,Anurag Kashyap,2008,7.8,72000000,242303635,170
635,Movie 635,Drama,Rian Johnson,2024,7.8,170000000,226701792,170
636,Movie 636,Comedy,Rian Johnson,2020,7.2,218000000,795024450,166
637,Movie 637,Fantasy,Christopher Nolan,2017,8.4,272000000,294041285,93
638,Movie 638,Drama,Rajamouli,1993,5.1,87000000,268558842,116
639,Movie 639,Drama,Ayan Mukerji,1993,7.8,156000000,586350492,106
640,Movie 640,Sci-Fi,Sanjay Leela Bhansali,2018,4.6,292000000,370071475,190
641,Movie 641,Fantasy,Greta Gerwig,2005,6.8,152000000,497051485,168
642,Movie 642,Thriller,Greta Gerwig,2016,9.3,165000000,218533974,150
643,Movie 643,Action,Zoya Akhtar,2018,8.6,193000000,627416808,176
644,Movie 644,Crime,Zoya Akhtar,2002,5.6,95000000,80558306,167
645,Movie 645,Drama,Bong Joon Ho,2022,4.7,25000000,37265663,134
646,Movie 646,Action,James Cameron,2000,7.2,135000000,278253710,80
647,Movie 647,Drama,Rajamouli,1999,9.1,31000000,143624583,179
648,Movie 648,Crime,Ayan Mukerji,2009,6.7,298000000,623036120,150
649,Movie 649,Comedy,Rian Johnson,2004,9.3,271000000,1113208734,88
650,Movie 650,Drama,Greta Gerwig,2024,7.0,52000000,84008740,124
651,Movie 651,Animation,Steven Spielberg,2011,5.8,155000000,651956574,107
652,Movie 652,Crime,Rian Johnson,2020,9.5,9000000,33227695,94
653,Movie 653,Horror,Zoya Akhtar,2005,9.3,169000000,777491806,128
654,Movie 654,Romance,Greta Gerwig,2006,7.0,149000000,631473401,83
655,Movie 655,Comedy,Rian Johnson,2022,6.5,27000000,111063693,117
656,Movie 656,Animation,Sanjay Leela Bhansali,2022,4.5,54000000,220978223,101
657,Movie 657,Fantasy,Rian Johnson,1990,7.4,112000000,361441364,165
658,Movie 658,Animation,Ayan Mukerji,2017,8.6,110000000,458066944,148
659,Movie 659,Thriller,Steven Spielberg,1994,8.1,83000000,222859639,83
660,Movie 660,Comedy,Rajamouli,1995,4.4,96000000,128856038,181
661,Movie 661,Romance,Anurag Kashyap,2004,9.0,213000000,594116112,129
662,Movie 662,Thriller,Greta Gerwig,2010,4.1,65000000,23557035,148
663,Movie 663,Crime,Villenueve,1992,7.9,42000000,186336420,125
664,Movie 664,Romance,Christopher Nolan,2009,7.3,149000000,646872376,177
665,Movie 665,Thriller,Greta Gerwig,1991,6.6,278000000,342843374,108
666,Movie 666,Thriller,S.S. Rajamouli,2024,5.6,78000000,244818473,118
667,Movie 667,Comedy,Rajamouli,2025,8.8,77000000,92687820,95
668,Movie 668,Crime,Anurag Kashyap,2015,7.0,48000000,75513647,119
669,Movie 669,Comedy,Zoya Akhtar,2016,9.0,267000000,450329291,98
670,Movie 670,Animation,Anurag Kashyap,2006,5.1,97000000,342284695,165
671,Movie 671,Sci-Fi,Ayan Mukerji,2025,6.5,286000000,516081319,89
672,Movie 672,Romance,Christopher Nolan,1996,5.1,254000000,469169944,122
673,Movie 673,Animation,Villenueve,2008,7.4,104000000,278852358,120
674,Movie 674,Comedy,Anurag Kashyap,2009,7.8,83000000,253073241,152
675,Movie 675,Comedy,Greta Gerwig,2000,4.0,131000000,152850495,180
676,Movie 676,Thriller,Christopher Nolan,2013,4.7,174000000,380855346,141
677,Movie 677,Comedy,S.S. Rajamouli,2009,6.7,60000000,190985765,102
678,Movie 678,Romance,Ayan Mukerji,2007,8.7,76000000,135009541,148
679,Movie 679,Romance,Bong Joon Ho,1994,8.9,264000000,311134052,160
680,Movie 680,Crime,Anurag Kashyap,2015,8.2,113000000,344769462,84
681,Movie 681,Fantasy,Farhan Akhtar,2024,6.6,81000000,178725990,126
682,Movie 682,Crime,Bong Joon Ho,2008,4.7,261000000,202041481,145
683,Movie 683,Comedy,Rian Johnson,1990,7.6,89000000,250866025,176
684,Movie 684,Horror,James Cameron,2001,7.1,294000000,1206676426,164
685,Movie 685,Drama,Bong Joon Ho,2020,9.2,25000000,99964875,108
686,Movie 686,Animation,Villenueve,2006,6.0,26000000,36679278,165
687,Movie 687,Comedy,Greta Gerwig,2020,9.0,28000000,134434752,85
688,Movie 688,Comedy,Villenueve,2023,7.5,145000000,532042248,186
689,Movie 689,Crime,Rian Johnson,2001,6.1,198000000,568889547,126
690,Movie 690,Romance,Rian Johnson,2006,6.1,119000000,259681843,146
691,Movie 691,Comedy,Denis Villeneuve,2020,8.9,8000000,35293840,144
692,Movie 692,Horror,James Cameron,2004,4.4,148000000,141475205,107
693,Movie 693,Drama,Sanjay Leela Bhansali,1997,7.6,217000000,460008341,183
694,Movie 694,Romance,Denis Villeneuve,2020,6.6,87000000,337715467,162
695,Movie 695,Sci-Fi,Zoya Akhtar,1992,4.7,87000000,245536064,97
696,Movie 696,Sci-Fi,Farhan Akhtar,1999,4.3,137000000,319653144,103
697,Movie 697,Thriller,Anurag Kashyap,1991,8.8,150000000,280208248,90
698,Movie 698,Crime,Denis Villeneuve,2020,4.9,215000000,215495815,156
699,Movie 699,Crime,Ayan Mukerji,2001,7.4,266000000,391643095,113
700,Movie 700,Comedy,Farhan Akhtar,2019,7.3,40000000,90288125,109
701,Movie 701,Drama,Villenueve,1991,5.1,263000000,548413135,167
702,Movie 702,Drama,Anurag Kashyap,1996,5.0,24000000,59866411,180
703,Movie 703,Romance,Villenueve,2020,7.6,281000000,244346579,185
704,Movie 704,Thriller,Rian Johnson,2016,6.0,27000000,71234174,169
705,Movie 705,Animation,S.S. Rajamouli,2020,8.3,200000000,641676545,124
706,Movie 706,Crime,Villenueve,2017,4.7,249000000,327073697,178
707,Movie 707,Romance,Christopher Nolan,2024,6.2,101000000,338326323,80
708,Movie 708,Sci-Fi,Anurag Kashyap,2023,4.6,8000000,23218202,128
709,Movie 709,Comedy,Greta Gerwig,2013,4.6,223000000,588587694,163
710,Movie 710,Action,Ayan Mukerji,2024,6.3,192000000,329688972,158
711,Movie 711,Thriller,S.S. Rajamouli,2003,6.3,290000000,391248996,141
712,Movie 712,Fantasy,Rian Johnson,2020,5.4,162000000,298655740,153
713,Movie 713,Thriller,Bong Joon Ho,1998,8.7,65000000,123703512,175
714,Movie 714,Drama,Villenueve,2003,6.8,178000000,505019751,182
715,Movie 715,Sci-Fi,James Cameron,2014,9.3,7000000,10262956,182
716,Movie 716,Drama,Denis Villeneuve,2017,4.5,139000000,251475113,108
717,Movie 717,Crime,Rajamouli,2014,9.1,210000000,752527833,158
718,Movie 718,Action,Bong Joon Ho,1993,9.2,94000000,280458384,161
719,Movie 719,Sci-Fi,Zoya Akhtar,2023,5.6,22000000,62549446,180
720,Movie 720,Fantasy,Bong Joon Ho,2004,7.4,23000000,40116029,126
721,Movie 721,Sci-Fi,James Cameron,1995,9.5,209000000,772195597,125
722,Movie 722,Thriller,Anurag Kashyap,2002,6.8,40000000,113338083,91
723,Movie 723,Fantasy,Farhan Akhtar,2012,5.9,146000000,425470418,108
724,Movie 724,Animation,Denis Villeneuve,2015,7.2,138000000,324591397,102
725,Movie 725,Romance,Rian Johnson,1994,6.8,179000000,679516313,94
726,Movie 726,Action,Farhan Akhtar,2024,8.5,299000000,1087740793,112
727,Movie 727,Thriller,Anurag Kashyap,2020,8.2,178000000,480355077,179
728,Movie 728,Horror,Farhan Akhtar,1991,6.7,137000000,299229691,88
729,Movie 729,Animation,Steven Spielberg,2004,8.4,216000000,636706661,125
730,Movie 730,Sci-Fi,Bong Joon Ho,2006,5.4,52000000,160942708,131
731,Movie 731,Comedy,Villenueve,2025,9.1,248000000,603494141,120
732,Movie 732,Crime,Christopher Nolan,2001,9.2,102000000,398414707,143
733,Movie 733,Animation,Bong Joon Ho,2005,8.8,110000000,199706421,109
734,Movie 734,Animation,Ayan Mukerji,2012,4.9,59000000,233446178,95
735,Movie 735,Horror,Anurag Kashyap,1990,8.2,282000000,1178038154,85
736,Movie 736,Comedy,Anurag Kashyap,2010,6.7,299000000,775923040,115
737,Movie 737,Fantasy,Christopher Nolan,2015,5.2,300000000,213228915,96
738,Movie 738,Thriller,Denis Villeneuve,2024,4.2,182000000,659662730,130
739,Movie 739,Drama,Denis Villeneuve,1997,7.8,240000000,843360020,120
740,Movie 740,Sci-Fi,Steven Spielberg,2003,6.1,56000000,112788974,121
741,Movie 741,Action,James Cameron,2025,5.4,142000000,593191070,140
742,Movie 742,Comedy,Sanjay Leela Bhansali,2001,6.7,112000000,379983293,133
743,Movie 743,Comedy,Sanjay Leela Bhansali,2015,5.5,97000000,101687896,153
744,Movie 744,Crime,Steven Spielberg,2004,8.5,143000000,271136530,182
745,Movie 745,Thriller,Ayan Mukerji,2014,5.1,81000000,287674721,140
746,Movie 746,Drama,Greta Gerwig,2021,4.7,269000000,852226768,148
747,Movie 747,Horror,Christopher Nolan,2006,7.1,295000000,679658531,86
748,Movie 748,Drama,Rajamouli,2003,8.5,248000000,841582148,187
749,Movie 749,Horror,Bong Joon Ho,2011,5.4,189000000,501505386,151
750,Movie 750,Action,Sanjay Leela Bhansali,1991,6.3,184000000,796691099,166
751,Movie 751,Animation,Anurag Kashyap,2024,5.0,150000000,256551463,125
752,Movie 752,Fantasy,Denis Villeneuve,2018,8.9,200000000,429757918,158
753,Movie 753,Drama,Ayan Mukerji,2000,7.5,177000000,575044494,133
754,Movie 754,Crime,Greta Gerwig,1994,4.4,180000000,283721731,109
755,Movie 755,Action,Bong Joon Ho,2007,7.3,207000000,867998375,114
756,Movie 756,Comedy,Bong Joon Ho,2023,9.3,216000000,392853792,101
757,Movie 757,Sci-Fi,James Cameron,2005,7.6,45000000,67466689,106
758,Movie 758,Romance,Villenueve,1994,9.2,247000000,323455556,150
759,Movie 759,Thriller,Rian Johnson,1995,4.6,84000000,243882590,90
760,Movie 760,Thriller,Christopher Nolan,2004,5.4,150000000,437343990,136
761,Movie 761,Drama,Rian Johnson,2000,4.2,187000000,716777558,190
762,Movie 762,Horror,Denis Villeneuve,2024,9.1,285000000,456979445,136
763,Movie 763,Fantasy,James Cameron,2019,7.5,293000000,831870146,135
764,Movie 764,Fantasy,Christopher Nolan,2012,6.6,121000000,127691939,183
765,Movie 765,Action,Sanjay Leela Bhansali,2016,5.4,160000000,85656146,81
766,Movie 766,Drama,Sanjay Leela Bhansali,2008,6.6,9000000,37970423,168
767,Movie 767,Horror,Christopher Nolan,1990,8.2,154000000,282377248,156
768,Movie 768,Sci-Fi,Rian Johnson,2013,5.0,292000000,576716907,135
769,Movie 769,Drama,Bong Joon Ho,2014,8.6,117000000,153971647,113
770,Movie 770,Animation,Rian Johnson,2007,5.6,277000000,439467063,183
771,Movie 771,Animation,Ayan Mukerji,1994,5.0,153000000,442964421,94
772,Movie 772,Crime,Denis Villeneuve,2007,7.9,256000000,544882213,104
773,Movie 773,Drama,Rajamouli,2024,4.1,57000000,77687665,116
774,Movie 774,Horror,Bong Joon Ho,1990,5.3,82000000,196439388,81
775,Movie 775,Comedy,Greta Gerwig,2009,8.3,260000000,710320253,127
776,Movie 776,Sci-Fi,Sanjay Leela Bhansali,1995,8.6,79000000,160189374,87
777,Movie 777,Thriller,Villenueve,2024,6.6,103000000,171526103,187
778,Movie 778,Thriller,Ayan Mukerji,1990,4.7,132000000,443606627,129
779,Movie 779,Horror,Zoya Akhtar,1992,5.1,53000000,160103987,146
780,Movie 780,Animation,Denis Villeneuve,2014,7.7,164000000,243166647,121
781,Movie 781,Sci-Fi,Bong Joon Ho,2025,6.9,134000000,426974390,141
782,Movie 782,Animation,Sanjay Leela Bhansali,1993,8.8,116000000,225233741,94
783,Movie 783,Thriller,Sanjay Leela Bhansali,1990,4.9,146000000,133541593,154
784,Movie 784,Animation,Rajamouli,1992,7.2,248000000,761510456,168
785,Movie 785,Comedy,S.S. Rajamouli,1995,5.4,260000000,816813308,91
786,Movie 786,Comedy,Farhan Akhtar,1993,4.3,83000000,199875838,169
787,Movie 787,Romance,James Cameron,2021,5.3,290000000,861199869,180
788,Movie 788,Comedy,S.S. Rajamouli,2018,8.0,15000000,35407829,168
789,Movie 789,Drama,Christopher Nolan,1992,6.7,229000000,423630641,151
790,Movie 790,Horror,Zoya Akhtar,2001,7.0,170000000,434332989,173
791,Movie 791,Crime,Farhan Akhtar,2025,4.9,276000000,598274148,99
792,Movie 792,Action,Rian Johnson,2013,6.5,264000000,920805446,128
793,Movie 793,Sci-Fi,Anurag Kashyap,2013,8.3,127000000,471146319,121
794,Movie 794,Fantasy,Ayan Mukerji,2014,5.0,259000000,665779615,178
795,Movie 795,Crime,Christopher Nolan,2010,6.3,169000000,175045794,94
796,Movie 796,Romance,Rajamouli,1998,5.0,21000000,18518002,105
797,Movie 797,Animation,Villenueve,1992,7.1,203000000,538286294,164
798,Movie 798,Crime,Bong Joon Ho,2006,4.3,118000000,365541785,157
799,Movie 799,Sci-Fi,Farhan Akhtar,2003,7.6,45000000,175899411,139
800,Movie 800,Sci-Fi,Sanjay Leela Bhansali,2025,8.1,217000000,508314009,185
801,Movie 801,Sci-Fi,Ayan Mukerji,2007,6.9,41000000,78508328,186
802,Movie 802,Animation,Rian Johnson,1996,4.6,123000000,231148750,148
803,Movie 803,Animation,Rian Johnson,2005,7.1,96000000,349146101,151
804,Movie 804,Thriller,Bong Joon Ho,1996,8.2,300000000,1055421522,125
805,Movie 805,Thriller,Farhan Akhtar,1996,4.9,97000000,192633974,150
806,Movie 806,Comedy,Steven Spielberg,2000,6.9,231000000,967761307,125
807,Movie 807,Fantasy,Sanjay Leela Bhansali,2013,6.3,225000000,771366869,185
808,Movie 808,Crime,Zoya Akhtar,2024,5.2,286000000,420574063,175
809,Movie 809,Horror,Denis Villeneuve,2015,4.0,22000000,56955772,116
810,Movie 810,Fantasy,James Cameron,2009,4.0,118000000,422055038,107
811,Movie 811,Sci-Fi,S.S. Rajamouli,2007,9.1,266000000,866771421,151
812,Movie 812,Crime,James Cameron,1996,4.2,187000000,164737862,99
813,Movie 813,Comedy,Farhan Akhtar,2005,5.3,158000000,424680490,91
814,Movie 814,Crime,Farhan Akhtar,2003,8.0,171000000,471725055,181
815,Movie 815,Horror,Ayan Mukerji,1996,7.3,158000000,568325932,84
816,Movie 816,Crime,Greta Gerwig,1995,8.3,176000000,759125225,124
817,Movie 817,Thriller,Greta Gerwig,1997,8.8,121000000,426592868,175
818,Movie 818,Crime,Farhan Akhtar,1990,7.5,200000000,401635378,86
819,Movie 819,Sci-Fi,Sanjay Leela Bhansali,2024,7.1,172000000,591941591,144
820,Movie 820,Drama,Rajamouli,2015,9.3,299000000,437232250,144
821,Movie 821,Thriller,Christopher Nolan,2015,4.8,177000000,398824840,90
822,Movie 822,Sci-Fi,Rian Johnson,2015,5.4,209000000,456887840,144
823,Movie 823,Drama,S.S. Rajamouli,1998,6.6,106000000,235024414,142
824,Movie 824,Crime,Zoya Akhtar,2025,7.4,273000000,479332676,111
825,Movie 825,Action,S.S. Rajamouli,2017,5.8,299000000,305761439,91
826,Movie 826,Thriller,Greta Gerwig,2013,5.9,169000000,484477905,124
827,Movie 827,Sci-Fi,S.S. Rajamouli,2009,4.9,184000000,659091570,158
828,Movie 828,Horror,Anurag Kashyap,1999,6.4,124000000,407881267,105
829,Movie 829,Drama,S.S. Rajamouli,1995,4.6,32000000,128671215,111
830,Movie 830,Drama,Ayan Mukerji,2008,4.1,61000000,125064272,119
831,Movie 831,Sci-Fi,Sanjay Leela Bhansali,2003,8.1,113000000,340854557,106
832,Movie 832,Action,Rian Johnson,2020,7.4,77000000,268750780,168
833,Movie 833,Sci-Fi,Greta Gerwig,2023,4.2,92000000,131951133,87
834,Movie 834,Crime,Christopher Nolan,1993,6.6,9000000,19726664,88
835,Movie 835,Action,Steven Spielberg,2013,8.8,14000000,60776235,117
836,Movie 836,Thriller,Zoya Akhtar,2014,6.8,55000000,142269389,120
837,Movie 837,Crime,Rian Johnson,1995,5.0,261000000,680064903,138
838,Movie 838,Sci-Fi,Rajamouli,2005,9.1,161000000,475230914,122
839,Movie 839,Drama,Rajamouli,2012,7.8,186000000,380154166,160
840,Movie 840,Fantasy,Christopher Nolan,1993,7.4,203000000,933469927,184
841,Movie 841,Fantasy,Christopher Nolan,2004,4.8,206000000,199117657,164
842,Movie 842,Thriller,Rian Johnson,2004,6.3,298000000,682588962,99
843,Movie 843,Action,Farhan Akhtar,2011,6.5,72000000,228916515,106
844,Movie 844,Crime,Rian Johnson,2002,8.7,163000000,604651478,168
845,Movie 845,Fantasy,Farhan Akhtar,1998,6.4,79000000,334210589,163
846,Movie 846,Drama,Sanjay Leela Bhansali,1994,7.1,65000000,129796604,103
847,Movie 847,Drama,Bong Joon Ho,1991,8.2,216000000,455268124,132
848,Movie 848,Action,James Cameron,2002,4.6,99000000,327917743,83
849,Movie 849,Crime,Anurag Kashyap,2007,7.3,123000000,209382116,156
850,Movie 850,Sci-Fi,Sanjay Leela Bhansali,1995,7.8,249000000,698154524,97
851,Movie 851,Crime,Denis Villeneuve,2013,5.0,203000000,461950514,142
852,Movie 852,Drama,Zoya Akhtar,2004,4.2,12000000,47589030,114
853,Movie 853,Animation,Bong Joon Ho,2002,8.2,38000000,170163702,102
854,Movie 854,Horror,Ayan Mukerji,2021,7.8,239000000,602211071,111
855,Movie 855,Sci-Fi,Anurag Kashyap,2014,8.0,206000000,925708113,158
856,Movie 856,Crime,Anurag Kashyap,2024,6.9,24000000,28209645,146
857,Movie 857,Horror,Ayan Mukerji,1992,8.8,130000000,401557356,146
858,Movie 858,Sci-Fi,Rian Johnson,2014,6.8,30000000,55544447,104
859,Movie 859,Thriller,Farhan Akhtar,2009,8.3,151000000,242000012,139
860,Movie 860,Action,Anurag Kashyap,1993,7.8,77000000,311741839,139
861,Movie 861,Horror,Villenueve,2022,4.6,284000000,542057598,97
862,Movie 862,Comedy,Denis Villeneuve,1991,5.0,108000000,88309732,138
863,Movie 863,Comedy,Bong Joon Ho,2000,8.0,68000000,92400220,91
864,Movie 864,Horror,Steven Spielberg,2013,4.5,201000000,684616664,173
865,Movie 865,Fantasy,Anurag Kashyap,2000,6.1,199000000,708318456,85
866,Movie 866,Comedy,Anurag Kashyap,1999,4.9,79000000,267240870,102
867,Movie 867,Sci-Fi,Greta Gerwig,2009,5.7,233000000,689801353,116
868,Movie 868,Romance,Farhan Akhtar,1998,9.3,6000000,24171024,159
869,Movie 869,Sci-Fi,Denis Villeneuve,2021,8.7,283000000,297674140,183
870,Movie 870,Horror,Zoya Akhtar,2003,7.2,248000000,586166647,138
871,Movie 871,Romance,Anurag Kashyap,1990,5.3,285000000,819406620,115
872,Movie 872,Fantasy,Ayan Mukerji,2003,4.3,80000000,228196170,87
873,Movie 873,Sci-Fi,James Cameron,1992,7.7,157000000,687261510,122
874,Movie 874,Sci-Fi,Villenueve,2016,9.5,87000000,194066208,166
875,Movie 875,Crime,Anurag Kashyap,2025,5.0,238000000,636667114,175
876,Movie 876,Sci-Fi,Villenueve,2009,5.8,199000000,169574541,184
877,Movie 877,Thriller,Ayan Mukerji,2025,4.4,246000000,208777315,97
878,Movie 878,Action,Sanjay Leela Bhansali,2023,6.3,112000000,164012097,169
879,Movie 879,Sci-Fi,Villenueve,2023,9.4,252000000,945475336,172
880,Movie 880,Action,Greta Gerwig,2010,5.4,299000000,562013169,159
881,Movie 881,Drama,Anurag Kashyap,2021,6.9,259000000,992054270,143
882,Movie 882,Crime,Zoya Akhtar,2008,9.4,5000000,6130749,95
883,Movie 883,Romance,Bong Joon Ho,2003,8.4,217000000,251257859,132
884,Movie 884,Comedy,Rian Johnson,2003,4.1,108000000,152299599,168
885,Movie 885,Romance,Christopher Nolan,2009,6.8,170000000,130610795,178
886,Movie 886,Comedy,Sanjay Leela Bhansali,2015,8.0,19000000,30255420,186
887,Movie 887,Comedy,Ayan Mukerji,2011,9.1,250000000,1029891664,140
888,Movie 888,Drama,Denis Villeneuve,1999,7.4,279000000,723275773,122
889,Movie 889,Thriller,Farhan Akhtar,1993,8.6,158000000,595638478,152
890,Movie 890,Comedy,Rian Johnson,2024,4.1,300000000,480159993,167
891,Movie 891,Comedy,Villenueve,1999,5.5,20000000,85755026,123
892,Movie 892,Fantasy,Ayan Mukerji,2000,7.1,204000000,622552735,103
893,Movie 893,Action,Bong Joon Ho,2010,7.9,144000000,178535747,132
894,Movie 894,Animation,Sanjay Leela Bhansali,2018,8.6,159000000,478650673,107
895,Movie 895,Drama,Villenueve,2013,8.3,108000000,286884887,91
896,Movie 896,Sci-Fi,S.S. Rajamouli,2020,9.0,83000000,196497556,104
897,Movie 897,Horror,Bong Joon Ho,2023,5.7,172000000,602693041,98
898,Movie 898,Romance,Ayan Mukerji,2023,7.7,72000000,261602524,106
899,Movie 899,Horror,Greta Gerwig,2023,4.6,164000000,496231012,85
900,Movie 900,Crime,Ayan Mukerji,1995,5.8,28000000,72049468,93
901,Movie 901,Action,Rajamouli,2009,7.5,112000000,180556426,121
902,Movie 902,Action,Christopher Nolan,2024,5.8,230000000,239676833,165
903,Movie 903,Drama,James Cameron,2007,4.6,291000000,233971598,145
904,Movie 904,Fantasy,Sanjay Leela Bhansali,2025,5.8,77000000,281066230,170
905,Movie 905,Crime,Zoya Akhtar,2000,4.4,178000000,368613262,149
906,Movie 906,Drama,Rajamouli,2020,9.0,30000000,75980358,93
907,Movie 907,Romance,Greta Gerwig,2015,5.0,233000000,425544766,158
908,Movie 908,Comedy,Ayan Mukerji,2002,7.9,278000000,1281577547,90
909,Movie 909,Horror,Anurag Kashyap,1998,4.5,244000000,520017643,92
910,Movie 910,Horror,Denis Villeneuve,2004,9.2,78000000,351675735,190
911,Movie 911,Action,Farhan Akhtar,2013,6.2,174000000,683125401,180
912,Movie 912,Comedy,Denis Villeneuve,2021,4.2,248000000,419237829,94
913,Movie 913,Horror,Ayan Mukerji,2000,5.6,183000000,503026260,157
914,Movie 914,Fantasy,Villenueve,2015,8.5,59000000,183688798,121
915,Movie 915,Romance,S.S. Rajamouli,2009,6.9,210000000,489526640,155
916,Movie 916,Crime,Zoya Akhtar,2025,4.9,251000000,178467965,129
917,Movie 917,Animation,Ayan Mukerji,2017,8.3,227000000,899338072,152
918,Movie 918,Fantasy,Bong Joon Ho,2005,5.0,44000000,176540336,174
919,Movie 919,Crime,Ayan Mukerji,2021,4.6,242000000,610888650,121
920,Movie 920,Horror,James Cameron,2009,9.3,40000000,61329184,156
921,Movie 921,Crime,S.S. Rajamouli,2014,5.8,36000000,51189290,91
922,Movie 922,Drama,Farhan Akhtar,1990,8.2,81000000,240875541,137
923,Movie 923,Thriller,Anurag Kashyap,2018,5.1,167000000,443727408,118
924,Movie 924,Action,Farhan Akhtar,2017,7.9,181000000,565509615,91
925,Movie 925,Crime,Rian Johnson,2015,8.7,155000000,377122284,87
926,Movie 926,Fantasy,Rajamouli,1990,7.9,188000000,786355456,94
927,Movie 927,Sci-Fi,Zoya Akhtar,2017,7.9,206000000,436490057,160
928,Movie 928,Thriller,Greta Gerwig,2014,6.4,113000000,151867299,164
929,Movie 929,Drama,Zoya Akhtar,2025,6.1,189000000,420618532,187
930,Movie 930,Action,Ayan Mukerji,1998,4.7,41000000,20077275,162
931,Movie 931,Horror,Steven Spielberg,2017,9.4,74000000,122576339,90
932,Movie 932,Thriller,Ayan Mukerji,2019,8.9,222000000,386997067,159
933,Movie 933,Fantasy,Greta Gerwig,2025,8.5,201000000,373420913,125
934,Movie 934,Thriller,Anurag Kashyap,1990,7.2,126000000,341657751,171
935,Movie 935,Thriller,Farhan Akhtar,2024,7.2,22000000,65207304,84
936,Movie 936,Comedy,Villenueve,2020,9.3,45000000,175261715,98
937,Movie 937,Fantasy,Ayan Mukerji,2007,6.6,45000000,184350546,146
938,Movie 938,Romance,Zoya Akhtar,2020,7.5,44000000,143352577,167
939,Movie 939,Crime,Christopher Nolan,1993,9.0,278000000,310241583,179
940,Movie 940,Horror,Rian Johnson,2020,7.2,174000000,373417094,133
941,Movie 941,Action,Christopher Nolan,2000,4.2,160000000,534093105,173
942,Movie 942,Action,Rajamouli,2020,7.2,298000000,983106639,86
943,Movie 943,Action,S.S. Rajamouli,1991,5.6,47000000,116854465,96
944,Movie 944,Action,Christopher Nolan,1998,7.4,145000000,262657602,189
945,Movie 945,Romance,Anurag Kashyap,2001,9.0,82000000,227327127,164
946,Movie 946,Drama,Christopher Nolan,2005,6.7,275000000,235329600,190
947,Movie 947,Romance,James Cameron,1999,8.6,216000000,533743467,178
948,Movie 948,Horror,Bong Joon Ho,2000,5.2,181000000,533152182,86
949,Movie 949,Romance,Rajamouli,2000,6.6,248000000,626153305,118
950,Movie 950,Fantasy,Zoya Akhtar,2014,7.8,204000000,386167017,140
951,Movie 951,Fantasy,Ayan Mukerji,2017,4.1,234000000,682876335,128
952,Movie 952,Fantasy,Steven Spielberg,1992,4.5,277000000,483239452,161
953,Movie 953,Thriller,Anurag Kashyap,2007,5.8,141000000,136551703,182
954,Movie 954,Crime,Greta Gerwig,2019,8.3,128000000,450967224,173
955,Movie 955,Animation,Rian Johnson,2011,7.7,97000000,287209987,120
956,Movie 956,Sci-Fi,Ayan Mukerji,1994,4.1,55000000,40416622,147
957,Movie 957,Horror,Sanjay Leela Bhansali,2004,8.0,133000000,140229706,104
958,Movie 958,Crime,Villenueve,1993,9.2,116000000,409446935,156
959,Movie 959,Romance,Villenueve,1998,6.1,294000000,1268677306,182
960,Movie 960,Romance,Bong Joon Ho,2001,5.4,244000000,998568005,164
961,Movie 961,Horror,Farhan Akhtar,2007,8.2,170000000,266980056,112
962,Movie 962,Romance,Christopher Nolan,1993,6.1,175000000,283728672,87
963,Movie 963,Action,James Cameron,2018,4.4,107000000,200840165,158
964,Movie 964,Horror,Villenueve,1999,7.0,225000000,699316178,107
965,Movie 965,Romance,Farhan Akhtar,2018,7.9,57000000,67664364,84
966,Movie 966,Crime,Bong Joon Ho,2006,8.3,14000000,21499047,143
967,Movie 967,Sci-Fi,Farhan Akhtar,1992,7.7,141000000,499169575,99
968,Movie 968,Thriller,Anurag Kashyap,1990,6.8,256000000,614916898,141
969,Movie 969,Romance,Rian Johnson,2004,4.0,251000000,622612218,95
970,Movie 970,Comedy,Sanjay Leela Bhansali,2009,6.2,51000000,137015576,126
971,Movie 971,Comedy,Villenueve,2019,8.2,153000000,264209242,162
972,Movie 972,Fantasy,Rajamouli,2014,7.6,158000000,370888877,169
973,Movie 973,Romance,Steven Spielberg,2012,6.7,229000000,332042004,174
974,Movie 974,Sci-Fi,Zoya Akhtar,1991,8.0,127000000,305094211,142
975,Movie 975,Fantasy,Steven Spielberg,2009,6.7,235000000,204629113,82
976,Movie 976,Sci-Fi,Sanjay Leela Bhansali,1992,6.2,113000000,354778161,183
977,Movie 977,Fantasy,Denis Villeneuve,2024,4.8,124000000,72556756,89
978,Movie 978,Drama,Denis Villeneuve,1991,6.6,28000000,94637980,111
979,Movie 979,Drama,Rajamouli,2001,7.5,162000000,626299937,185
980,Movie 980,Horror,Anurag Kashyap,2000,8.6,37000000,152491337,184
981,Movie 981,Romance,Denis Villeneuve,2004,4.3,108000000,178405612,134
982,Movie 982,Thriller,Sanjay Leela Bhansali,1997,9.4,299000000,495398666,149
983,Movie 983,Animation,S.S. Rajamouli,1992,7.3,176000000,225074583,88
984,Movie 984,Drama,S.S. Rajamouli,2016,4.9,194000000,210882516,150
985,Movie 985,Animation,Farhan Akhtar,1992,4.7,197000000,202804390,179
986,Movie 986,Horror,Villenueve,1990,4.0,50000000,140083600,170
987,Movie 987,Action,Greta Gerwig,2020,7.8,110000000,365897144,98
988,Movie 988,Fantasy,Denis Villeneuve,2016,5.3,94000000,295945799,158
989,Movie 989,Crime,James Cameron,2021,7.4,50000000,198781883,160
990,Movie 990,Action,Sanjay Leela Bhansali,2016,4.0,125000000,96441215,104
991,Movie 991,Fantasy,Villenueve,2013,8.7,281000000,523573055,144
992,Movie 992,Animation,Christopher Nolan,1993,5.1,81000000,299406005,167
993,Movie 993,Horror,Denis Villeneuve,2001,4.9,27000000,78582721,86
994,Movie 994,Action,Zoya Akhtar,2017,5.4,237000000,220836642,85
995,Movie 995,Sci-Fi,Farhan Akhtar,2024,5.0,19000000,46201048,142
996,Movie 996,Romance,Farhan Akhtar,2005,8.0,171000000,287323656,133
997,Movie 997,Comedy,Zoya Akhtar,1997,5.8,55000000,186914303,110
998,Movie 998,Animation,Greta Gerwig,2004,4.4,253000000,953520974,86
999,Movie 999,Drama,Zoya Akhtar,2019,5.0,196000000,434024895,97
1000,Movie 1000,Animation,Steven Spielberg,2012,9.4,108000000,174787708,122
